name,type1,type2,height_m,weight_kg,capture_rate,hp,attack,defense,sp_attack,sp_defense,speed,generation,is_legendary
Bulbasaur,grass,poison,0.7,6.9,45,45,49,49,65,65,45,1,0
Ivysaur,grass,poison,1,13,45,60,62,63,80,80,60,1,0
Venusaur,grass,poison,2,100,45,80,100,123,122,120,80,1,0
Charmander,fire,NA,0.6,8.5,45,39,52,43,60,50,65,1,0
Charmeleon,fire,NA,1.1,19,45,58,64,58,80,65,80,1,0
Charizard,fire,flying,1.7,90.5,45,78,104,78,159,115,100,1,0
Squirtle,water,NA,0.5,9,45,44,48,65,50,64,43,1,0
Wartortle,water,NA,1,22.5,45,59,63,80,65,80,58,1,0
Blastoise,water,NA,1.6,85.5,45,79,103,120,135,115,78,1,0
Caterpie,bug,NA,0.3,2.9,255,45,30,35,20,20,45,1,0
Metapod,bug,NA,0.7,9.9,120,50,20,55,25,25,30,1,0
Butterfree,bug,flying,1.1,32,45,60,45,50,90,80,70,1,0
Weedle,bug,poison,0.3,3.2,255,40,35,30,20,20,50,1,0
Kakuna,bug,poison,0.6,10,120,45,25,50,25,25,35,1,0
Beedrill,bug,poison,1,29.5,45,65,150,40,15,80,145,1,0
Pidgey,normal,flying,0.3,1.8,255,40,45,40,35,35,56,1,0
Pidgeotto,normal,flying,1.1,30,120,63,60,55,50,50,71,1,0
Pidgeot,normal,flying,1.5,39.5,45,83,80,80,135,80,121,1,0
Rattata,normal,dark,NA,NA,255,30,56,35,25,35,72,1,0
Raticate,normal,dark,NA,NA,127,75,71,70,40,80,77,1,0
Spearow,normal,flying,0.3,2,255,40,60,30,31,31,70,1,0
Fearow,normal,flying,1.2,38,90,65,90,65,61,61,100,1,0
Ekans,poison,NA,2,6.9,255,35,60,44,40,54,55,1,0
Arbok,poison,NA,3.5,65,90,60,95,69,65,79,80,1,0
Pikachu,electric,NA,0.4,6,190,35,55,40,50,50,90,1,0
Raichu,electric,electric,NA,NA,75,60,85,50,95,85,110,1,0
Sandshrew,ground,ice,NA,NA,255,50,75,90,10,35,40,1,0
Sandslash,ground,ice,NA,NA,90,75,100,120,25,65,65,1,0
Nidoran♀,poison,NA,0.4,7,235,55,47,52,40,40,41,1,0
Nidorina,poison,NA,0.8,20,120,70,62,67,55,55,56,1,0
Nidoqueen,poison,ground,1.3,60,45,90,92,87,75,85,76,1,0
Nidoran♂,poison,NA,0.5,9,235,46,57,40,40,40,50,1,0
Nidorino,poison,NA,0.9,19.5,120,61,72,57,55,55,65,1,0
Nidoking,poison,ground,1.4,62,45,81,102,77,85,75,85,1,0
Clefairy,fairy,NA,0.6,7.5,150,70,45,48,60,65,35,1,0
Clefable,fairy,NA,1.3,40,25,95,70,73,95,90,60,1,0
Vulpix,fire,ice,NA,NA,190,38,41,40,50,65,65,1,0
Ninetales,fire,ice,NA,NA,75,73,67,75,81,100,109,1,0
Jigglypuff,normal,fairy,0.5,5.5,170,115,45,20,45,25,20,1,0
Wigglytuff,normal,fairy,1,12,50,140,70,45,85,50,45,1,0
Zubat,poison,flying,0.8,7.5,255,40,45,35,30,40,55,1,0
Golbat,poison,flying,1.6,55,90,75,80,70,65,75,90,1,0
Oddish,grass,poison,0.5,5.4,255,45,50,55,75,65,30,1,0
Gloom,grass,poison,0.8,8.6,120,60,65,70,85,75,40,1,0
Vileplume,grass,poison,1.2,18.6,45,75,80,85,110,90,50,1,0
Paras,bug,grass,0.3,5.4,190,35,70,55,45,55,25,1,0
Parasect,bug,grass,1,29.5,75,60,95,80,60,80,30,1,0
Venonat,bug,poison,1,30,190,60,55,50,40,55,45,1,0
Venomoth,bug,poison,1.5,12.5,75,70,65,60,90,75,90,1,0
Diglett,ground,ground,NA,NA,255,10,55,30,35,45,90,1,0
Dugtrio,ground,ground,NA,NA,50,35,100,60,50,70,110,1,0
Meowth,normal,dark,NA,NA,255,40,35,35,50,40,90,1,0
Persian,normal,dark,NA,NA,90,65,60,60,75,65,115,1,0
Psyduck,water,NA,0.8,19.6,190,50,52,48,65,50,55,1,0
Golduck,water,NA,1.7,76.6,75,80,82,78,95,80,85,1,0
Mankey,fighting,NA,0.5,28,190,40,80,35,35,45,70,1,0
Primeape,fighting,NA,1,32,75,65,105,60,60,70,95,1,0
Growlithe,fire,NA,0.7,19,190,55,70,45,70,50,60,1,0
Arcanine,fire,NA,1.9,155,75,90,110,80,100,80,95,1,0
Poliwag,water,NA,0.6,12.4,255,40,50,40,40,40,90,1,0
Poliwhirl,water,NA,1,20,120,65,65,65,50,50,90,1,0
Poliwrath,water,fighting,1.3,54,45,90,95,95,70,90,70,1,0
Abra,psychic,NA,0.9,19.5,200,25,20,15,105,55,90,1,0
Kadabra,psychic,NA,1.3,56.5,100,40,35,30,120,70,105,1,0
Alakazam,psychic,NA,1.5,48,50,55,50,65,175,105,150,1,0
Machop,fighting,NA,0.8,19.5,180,70,80,50,35,35,35,1,0
Machoke,fighting,NA,1.5,70.5,90,80,100,70,50,60,45,1,0
Machamp,fighting,NA,1.6,130,45,90,130,80,65,85,55,1,0
Bellsprout,grass,poison,0.7,4,255,50,75,35,70,30,40,1,0
Weepinbell,grass,poison,1,6.4,120,65,90,50,85,45,55,1,0
Victreebel,grass,poison,1.7,15.5,45,80,105,65,100,70,70,1,0
Tentacool,water,poison,0.9,45.5,190,40,40,35,50,100,70,1,0
Tentacruel,water,poison,1.6,55,60,80,70,65,80,120,100,1,0
Geodude,rock,ground,NA,NA,255,40,80,100,30,30,20,1,0
Graveler,rock,ground,NA,NA,120,55,95,115,45,45,35,1,0
Golem,rock,ground,NA,NA,45,80,120,130,55,65,45,1,0
Ponyta,fire,NA,1,30,190,50,85,55,65,65,90,1,0
Rapidash,fire,NA,1.7,95,60,65,100,70,80,80,105,1,0
Slowpoke,water,psychic,1.2,36,190,90,65,65,40,40,15,1,0
Slowbro,water,psychic,1.6,78.5,75,95,75,180,130,80,30,1,0
Magnemite,electric,steel,0.3,6,190,25,35,70,95,55,45,1,0
Magneton,electric,steel,1,60,60,50,60,95,120,70,70,1,0
Farfetch'd,normal,flying,0.8,15,45,52,90,55,58,62,60,1,0
Doduo,normal,flying,1.4,39.2,190,35,85,45,35,35,75,1,0
Dodrio,normal,flying,1.8,85.2,45,60,110,70,60,60,110,1,0
Seel,water,NA,1.1,90,190,65,45,55,45,70,45,1,0
Dewgong,water,ice,1.7,120,75,90,70,80,70,95,70,1,0
Grimer,poison,poison,NA,NA,190,80,80,50,40,50,25,1,0
Muk,poison,poison,NA,NA,75,105,105,75,65,100,50,1,0
Shellder,water,NA,0.3,4,190,30,65,100,45,25,40,1,0
Cloyster,water,ice,1.5,132.5,60,50,95,180,85,45,70,1,0
Gastly,ghost,poison,1.3,0.1,190,30,35,30,100,35,80,1,0
Haunter,ghost,poison,1.6,0.1,90,45,50,45,115,55,95,1,0
Gengar,ghost,poison,1.5,40.5,45,60,65,80,170,95,130,1,0
Onix,rock,ground,8.8,210,45,35,45,160,30,45,70,1,0
Drowzee,psychic,NA,1,32.4,190,60,48,45,43,90,42,1,0
Hypno,psychic,NA,1.6,75.6,75,85,73,70,73,115,67,1,0
Krabby,water,NA,0.4,6.5,225,30,105,90,25,25,50,1,0
Kingler,water,NA,1.3,60,60,55,130,115,50,50,75,1,0
Voltorb,electric,NA,0.5,10.4,190,40,30,50,55,55,100,1,0
Electrode,electric,NA,1.2,66.6,60,60,50,70,80,80,150,1,0
Exeggcute,grass,psychic,0.4,2.5,90,60,40,80,60,45,40,1,0
Exeggutor,grass,psychic,NA,NA,45,95,105,85,125,75,45,1,0
Cubone,ground,NA,0.4,6.5,190,50,50,95,40,50,35,1,0
Marowak,ground,fire,NA,NA,75,60,80,110,50,80,45,1,0
Hitmonlee,fighting,NA,1.5,49.8,45,50,120,53,35,110,87,1,0
Hitmonchan,fighting,NA,1.4,50.2,45,50,105,79,35,110,76,1,0
Lickitung,normal,NA,1.2,65.5,45,90,55,75,60,75,30,1,0
Koffing,poison,NA,0.6,1,190,40,65,95,60,45,35,1,0
Weezing,poison,NA,1.2,9.5,60,65,90,120,85,70,60,1,0
Rhyhorn,ground,rock,1,115,120,80,85,95,30,30,25,1,0
Rhydon,ground,rock,1.9,120,60,105,130,120,45,45,40,1,0
Chansey,normal,NA,1.1,34.6,30,250,5,5,35,105,50,1,0
Tangela,grass,NA,1,35,45,65,55,115,100,40,60,1,0
Kangaskhan,normal,NA,2.2,80,45,105,125,100,60,100,100,1,0
Horsea,water,NA,0.4,8,225,30,40,70,70,25,60,1,0
Seadra,water,NA,1.2,25,75,55,65,95,95,45,85,1,0
Goldeen,water,NA,0.6,15,225,45,67,60,35,50,63,1,0
Seaking,water,NA,1.3,39,60,80,92,65,65,80,68,1,0
Staryu,water,NA,0.8,34.5,225,30,45,55,70,55,85,1,0
Starmie,water,psychic,1.1,80,60,60,75,85,100,85,115,1,0
Mr. Mime,psychic,fairy,1.3,54.5,45,40,45,65,100,120,90,1,0
Scyther,bug,flying,1.5,56,45,70,110,80,55,80,105,1,0
Jynx,ice,psychic,1.4,40.6,45,65,50,35,115,95,95,1,0
Electabuzz,electric,NA,1.1,30,45,65,83,57,95,85,105,1,0
Magmar,fire,NA,1.3,44.5,45,65,95,57,100,85,93,1,0
Pinsir,bug,NA,1.5,55,45,65,155,120,65,90,105,1,0
Tauros,normal,NA,1.4,88.4,45,75,100,95,40,70,110,1,0
Magikarp,water,NA,0.9,10,255,20,10,55,15,20,80,1,0
Gyarados,water,flying,6.5,235,45,95,155,109,70,130,81,1,0
Lapras,water,ice,2.5,220,45,130,85,80,85,95,60,1,0
Ditto,normal,NA,0.3,4,35,48,48,48,48,48,48,1,0
Eevee,normal,NA,0.3,6.5,45,55,55,50,45,65,55,1,0
Vaporeon,water,NA,1,29,45,130,65,60,110,95,65,1,0
Jolteon,electric,NA,0.8,24.5,45,65,65,60,110,95,130,1,0
Flareon,fire,NA,0.9,25,45,65,130,60,95,110,65,1,0
Porygon,normal,NA,0.8,36.5,45,65,60,70,85,75,40,1,0
Omanyte,rock,water,0.4,7.5,45,35,40,100,90,55,35,1,0
Omastar,rock,water,1,35,45,70,60,125,115,70,55,1,0
Kabuto,rock,water,0.5,11.5,45,30,80,90,55,45,55,1,0
Kabutops,rock,water,1.3,40.5,45,60,115,105,65,70,80,1,0
Aerodactyl,rock,flying,1.8,59,45,80,135,85,70,95,150,1,0
Snorlax,normal,NA,2.1,460,25,160,110,65,65,110,30,1,0
Articuno,ice,flying,1.7,55.4,3,90,85,100,95,125,85,1,1
Zapdos,electric,flying,1.6,52.6,3,90,90,85,125,90,100,1,1
Moltres,fire,flying,2,60,3,90,100,90,125,85,90,1,1
Dratini,dragon,NA,1.8,3.3,45,41,64,45,50,50,50,1,0
Dragonair,dragon,NA,4,16.5,45,61,84,65,70,70,70,1,0
Dragonite,dragon,flying,2.2,210,45,91,134,95,100,100,80,1,0
Mewtwo,psychic,NA,2,122,3,106,150,70,194,120,140,1,1
Mew,psychic,NA,0.4,4,45,100,100,100,100,100,100,1,1
Chikorita,grass,NA,0.9,6.4,45,45,49,65,49,65,45,2,0
Bayleef,grass,NA,1.2,15.8,45,60,62,80,63,80,60,2,0
Meganium,grass,NA,1.8,100.5,45,80,82,100,83,100,80,2,0
Cyndaquil,fire,NA,0.5,7.9,45,39,52,43,60,50,65,2,0
Quilava,fire,NA,0.9,19,45,58,64,58,80,65,80,2,0
Typhlosion,fire,NA,1.7,79.5,45,78,84,78,109,85,100,2,0
Totodile,water,NA,0.6,9.5,45,50,65,64,44,48,43,2,0
Croconaw,water,NA,1.1,25,45,65,80,80,59,63,58,2,0
Feraligatr,water,NA,2.3,88.8,45,85,105,100,79,83,78,2,0
Sentret,normal,NA,0.8,6,255,35,46,34,35,45,20,2,0
Furret,normal,NA,1.8,32.5,90,85,76,64,45,55,90,2,0
Hoothoot,normal,flying,0.7,21.2,255,60,30,30,36,56,50,2,0
Noctowl,normal,flying,1.6,40.8,90,100,50,50,86,96,70,2,0
Ledyba,bug,flying,1,10.8,255,40,20,30,40,80,55,2,0
Ledian,bug,flying,1.4,35.6,90,55,35,50,55,110,85,2,0
Spinarak,bug,poison,0.5,8.5,255,40,60,40,40,40,30,2,0
Ariados,bug,poison,1.1,33.5,90,70,90,70,60,70,40,2,0
Crobat,poison,flying,1.8,75,90,85,90,80,70,80,130,2,0
Chinchou,water,electric,0.5,12,190,75,38,38,56,56,67,2,0
Lanturn,water,electric,1.2,22.5,75,125,58,58,76,76,67,2,0
Pichu,electric,NA,0.3,2,190,20,40,15,35,35,60,2,0
Cleffa,fairy,NA,0.3,3,150,50,25,28,45,55,15,2,0
Igglybuff,normal,fairy,0.3,1,170,90,30,15,40,20,15,2,0
Togepi,fairy,NA,0.3,1.5,190,35,20,65,40,65,20,2,0
Togetic,fairy,flying,0.6,3.2,75,55,40,85,80,105,40,2,0
Natu,psychic,flying,0.2,2,190,40,50,45,70,45,70,2,0
Xatu,psychic,flying,1.5,15,75,65,75,70,95,70,95,2,0
Mareep,electric,NA,0.6,7.8,235,55,40,40,65,45,35,2,0
Flaaffy,electric,NA,0.8,13.3,120,70,55,55,80,60,45,2,0
Ampharos,electric,NA,1.4,61.5,45,90,95,105,165,110,45,2,0
Bellossom,grass,NA,0.4,5.8,45,75,80,95,90,100,50,2,0
Marill,water,fairy,0.4,8.5,190,70,20,50,20,50,40,2,0
Azumarill,water,fairy,0.8,28.5,75,100,50,80,60,80,50,2,0
Sudowoodo,rock,NA,1.2,38,65,70,100,115,30,65,30,2,0
Politoed,water,NA,1.1,33.9,45,90,75,75,90,100,70,2,0
Hoppip,grass,flying,0.4,0.5,255,35,35,40,35,55,50,2,0
Skiploom,grass,flying,0.6,1,120,55,45,50,45,65,80,2,0
Jumpluff,grass,flying,0.8,3,45,75,55,70,55,95,110,2,0
Aipom,normal,NA,0.8,11.5,45,55,70,55,40,55,85,2,0
Sunkern,grass,NA,0.3,1.8,235,30,30,30,30,30,30,2,0
Sunflora,grass,NA,0.8,8.5,120,75,75,55,105,85,30,2,0
Yanma,bug,flying,1.2,38,75,65,65,45,75,45,95,2,0
Wooper,water,ground,0.4,8.5,255,55,45,45,25,25,15,2,0
Quagsire,water,ground,1.4,75,90,95,85,85,65,65,35,2,0
Espeon,psychic,NA,0.9,26.5,45,65,65,60,130,95,110,2,0
Umbreon,dark,NA,1,27,45,95,65,110,60,130,65,2,0
Murkrow,dark,flying,0.5,2.1,30,60,85,42,85,42,91,2,0
Slowking,water,psychic,2,79.5,70,95,75,80,100,110,30,2,0
Misdreavus,ghost,NA,0.7,1,45,60,60,60,85,85,85,2,0
Unown,psychic,NA,0.5,5,225,48,72,48,72,48,48,2,0
Wobbuffet,psychic,NA,1.3,28.5,45,190,33,58,33,58,33,2,0
Girafarig,normal,psychic,1.5,41.5,60,70,80,65,90,65,85,2,0
Pineco,bug,NA,0.6,7.2,190,50,65,90,35,35,15,2,0
Forretress,bug,steel,1.2,125.8,75,75,90,140,60,60,40,2,0
Dunsparce,normal,NA,1.5,14,190,100,70,70,65,65,45,2,0
Gligar,ground,flying,1.1,64.8,60,65,75,105,35,65,85,2,0
Steelix,steel,ground,9.2,400,25,75,125,230,55,95,30,2,0
Snubbull,fairy,NA,0.6,7.8,190,60,80,50,40,40,30,2,0
Granbull,fairy,NA,1.4,48.7,75,90,120,75,60,60,45,2,0
Qwilfish,water,poison,0.5,3.9,45,65,95,85,55,55,85,2,0
Scizor,bug,steel,1.8,118,25,70,150,140,65,100,75,2,0
Shuckle,bug,rock,0.6,20.5,190,20,10,230,10,230,5,2,0
Heracross,bug,fighting,1.5,54,45,80,185,115,40,105,75,2,0
Sneasel,dark,ice,0.9,28,60,55,95,55,35,75,115,2,0
Teddiursa,normal,NA,0.6,8.8,120,60,80,50,50,50,40,2,0
Ursaring,normal,NA,1.8,125.8,60,90,130,75,75,75,55,2,0
Slugma,fire,NA,0.7,35,190,40,40,40,70,40,20,2,0
Magcargo,fire,rock,0.8,55,75,60,50,120,90,80,30,2,0
Swinub,ice,ground,0.4,6.5,225,50,50,40,30,30,50,2,0
Piloswine,ice,ground,1.1,55.8,75,100,100,80,60,60,50,2,0
Corsola,water,rock,0.6,5,60,65,55,95,65,95,35,2,0
Remoraid,water,NA,0.6,12,190,35,65,35,65,35,65,2,0
Octillery,water,NA,0.9,28.5,75,75,105,75,105,75,45,2,0
Delibird,ice,flying,0.9,16,45,45,55,45,65,45,75,2,0
Mantine,water,flying,2.1,220,25,85,40,70,80,140,70,2,0
Skarmory,steel,flying,1.7,50.5,25,65,80,140,40,70,70,2,0
Houndour,dark,fire,0.6,10.8,120,45,60,30,80,50,65,2,0
Houndoom,dark,fire,1.4,35,45,75,90,90,140,90,115,2,0
Kingdra,water,dragon,1.8,152,45,75,95,95,95,95,85,2,0
Phanpy,ground,NA,0.5,33.5,120,90,60,60,40,40,40,2,0
Donphan,ground,NA,1.1,120,60,90,120,120,60,60,50,2,0
Porygon2,normal,NA,0.6,32.5,45,85,80,90,105,95,60,2,0
Stantler,normal,NA,1.4,71.2,45,73,95,62,85,65,85,2,0
Smeargle,normal,NA,1.2,58,45,55,20,35,20,45,75,2,0
Tyrogue,fighting,NA,0.7,21,75,35,35,35,35,35,35,2,0
Hitmontop,fighting,NA,1.4,48,45,50,95,95,35,110,70,2,0
Smoochum,ice,psychic,0.4,6,45,45,30,15,85,65,65,2,0
Elekid,electric,NA,0.6,23.5,45,45,63,37,65,55,95,2,0
Magby,fire,NA,0.7,21.4,45,45,75,37,70,55,83,2,0
Miltank,normal,NA,1.2,75.5,45,95,80,105,40,70,100,2,0
Blissey,normal,NA,1.5,46.8,30,255,10,10,75,135,55,2,0
Raikou,electric,NA,1.9,178,3,90,85,75,115,100,115,2,1
Entei,fire,NA,2.1,198,3,115,115,85,90,75,100,2,1
Suicune,water,NA,2,187,3,100,75,115,90,115,85,2,1
Larvitar,rock,ground,0.6,72,45,50,64,50,45,50,41,2,0
Pupitar,rock,ground,1.2,152,45,70,84,70,65,70,51,2,0
Tyranitar,rock,dark,2,202,45,100,164,150,95,120,71,2,0
Lugia,psychic,flying,5.2,216,3,106,90,130,90,154,110,2,1
Ho-Oh,fire,flying,3.8,199,3,106,130,90,110,154,90,2,1
Celebi,psychic,grass,0.6,5,45,100,100,100,100,100,100,2,1
Treecko,grass,NA,0.5,5,45,40,45,35,65,55,70,3,0
Grovyle,grass,NA,0.9,21.6,45,50,65,45,85,65,95,3,0
Sceptile,grass,NA,1.7,52.2,45,70,110,75,145,85,145,3,0
Torchic,fire,NA,0.4,2.5,45,45,60,40,70,50,45,3,0
Combusken,fire,fighting,0.9,19.5,45,60,85,60,85,60,55,3,0
Blaziken,fire,fighting,1.9,52,45,80,160,80,130,80,100,3,0
Mudkip,water,NA,0.4,7.6,45,50,70,50,50,50,40,3,0
Marshtomp,water,ground,0.7,28,45,70,85,70,60,70,50,3,0
Swampert,water,ground,1.5,81.9,45,100,150,110,95,110,70,3,0
Poochyena,dark,NA,0.5,13.6,255,35,55,35,30,30,35,3,0
Mightyena,dark,NA,1,37,127,70,90,70,60,60,70,3,0
Zigzagoon,normal,NA,0.4,17.5,255,38,30,41,30,41,60,3,0
Linoone,normal,NA,0.5,32.5,90,78,70,61,50,61,100,3,0
Wurmple,bug,NA,0.3,3.6,255,45,45,35,20,30,20,3,0
Silcoon,bug,NA,0.6,10,120,50,35,55,25,25,15,3,0
Beautifly,bug,flying,1,28.4,45,60,70,50,100,50,65,3,0
Cascoon,bug,NA,0.7,11.5,120,50,35,55,25,25,15,3,0
Dustox,bug,poison,1.2,31.6,45,60,50,70,50,90,65,3,0
Lotad,water,grass,0.5,2.6,255,40,30,30,40,50,30,3,0
Lombre,water,grass,1.2,32.5,120,60,50,50,60,70,50,3,0
Ludicolo,water,grass,1.5,55,45,80,70,70,90,100,70,3,0
Seedot,grass,NA,0.5,4,255,40,40,50,30,30,30,3,0
Nuzleaf,grass,dark,1,28,120,70,70,40,60,40,60,3,0
Shiftry,grass,dark,1.3,59.6,45,90,100,60,90,60,80,3,0
Taillow,normal,flying,0.3,2.3,200,40,55,30,30,30,85,3,0
Swellow,normal,flying,0.7,19.8,45,60,85,60,75,50,125,3,0
Wingull,water,flying,0.6,9.5,190,40,30,30,55,30,85,3,0
Pelipper,water,flying,1.2,28,45,60,50,100,95,70,65,3,0
Ralts,psychic,fairy,0.4,6.6,235,28,25,25,45,35,40,3,0
Kirlia,psychic,fairy,0.8,20.2,120,38,35,35,65,55,50,3,0
Gardevoir,psychic,fairy,1.6,48.4,45,68,85,65,165,135,100,3,0
Surskit,bug,water,0.5,1.7,200,40,30,32,50,52,65,3,0
Masquerain,bug,flying,0.8,3.6,75,70,60,62,100,82,80,3,0
Shroomish,grass,NA,0.4,4.5,255,60,40,60,40,60,35,3,0
Breloom,grass,fighting,1.2,39.2,90,60,130,80,60,60,70,3,0
Slakoth,normal,NA,0.8,24,255,60,60,60,35,35,30,3,0
Vigoroth,normal,NA,1.4,46.5,120,80,80,80,55,55,90,3,0
Slaking,normal,NA,2,130.5,45,150,160,100,95,65,100,3,0
Nincada,bug,ground,0.5,5.5,255,31,45,90,30,30,40,3,0
Ninjask,bug,flying,0.8,12,120,61,90,45,50,50,160,3,0
Shedinja,bug,ghost,0.8,1.2,45,1,90,45,30,30,40,3,0
Whismur,normal,NA,0.6,16.3,190,64,51,23,51,23,28,3,0
Loudred,normal,NA,1,40.5,120,84,71,43,71,43,48,3,0
Exploud,normal,NA,1.5,84,45,104,91,63,91,73,68,3,0
Makuhita,fighting,NA,1,86.4,180,72,60,30,20,30,25,3,0
Hariyama,fighting,NA,2.3,253.8,200,144,120,60,40,60,50,3,0
Azurill,normal,fairy,0.2,2,150,50,20,40,20,40,20,3,0
Nosepass,rock,NA,1,97,255,30,45,135,45,90,30,3,0
Skitty,normal,NA,0.6,11,255,50,45,45,35,35,50,3,0
Delcatty,normal,NA,1.1,32.6,60,70,65,65,55,55,90,3,0
Sableye,dark,ghost,0.5,11,45,50,85,125,85,115,20,3,0
Mawile,steel,fairy,0.6,11.5,45,50,105,125,55,95,50,3,0
Aron,steel,rock,0.4,60,180,50,70,100,40,40,30,3,0
Lairon,steel,rock,0.9,120,90,60,90,140,50,50,40,3,0
Aggron,steel,rock,2.1,360,45,70,140,230,60,80,50,3,0
Meditite,fighting,psychic,0.6,11.2,180,30,40,55,40,55,60,3,0
Medicham,fighting,psychic,1.3,31.5,90,60,100,85,80,85,100,3,0
Electrike,electric,NA,0.6,15.2,120,40,45,40,65,40,65,3,0
Manectric,electric,NA,1.5,40.2,45,70,75,80,135,80,135,3,0
Plusle,electric,NA,0.4,4.2,200,60,50,40,85,75,95,3,0
Minun,electric,NA,0.4,4.2,200,60,40,50,75,85,95,3,0
Volbeat,bug,NA,0.7,17.7,150,65,73,75,47,85,85,3,0
Illumise,bug,NA,0.6,17.7,150,65,47,75,73,85,85,3,0
Roselia,grass,poison,0.3,2,150,50,60,45,100,80,65,3,0
Gulpin,poison,NA,0.4,10.3,225,70,43,53,43,53,40,3,0
Swalot,poison,NA,1.7,80,75,100,73,83,73,83,55,3,0
Carvanha,water,dark,0.8,20.8,225,45,90,20,65,20,65,3,0
Sharpedo,water,dark,1.8,88.8,60,70,140,70,110,65,105,3,0
Wailmer,water,NA,2,130,125,130,70,35,70,35,60,3,0
Wailord,water,NA,14.5,398,60,170,90,45,90,45,60,3,0
Numel,fire,ground,0.7,24,255,60,60,40,65,45,35,3,0
Camerupt,fire,ground,1.9,220,150,70,120,100,145,105,20,3,0
Torkoal,fire,NA,0.5,80.4,90,70,85,140,85,70,20,3,0
Spoink,psychic,NA,0.7,30.6,255,60,25,35,70,80,60,3,0
Grumpig,psychic,NA,0.9,71.5,60,80,45,65,90,110,80,3,0
Spinda,normal,NA,1.1,5,255,60,60,60,60,60,60,3,0
Trapinch,ground,NA,0.7,15,255,45,100,45,45,45,10,3,0
Vibrava,ground,dragon,1.1,15.3,120,50,70,50,50,50,70,3,0
Flygon,ground,dragon,2,82,45,80,100,80,80,80,100,3,0
Cacnea,grass,NA,0.4,51.3,190,50,85,40,85,40,35,3,0
Cacturne,grass,dark,1.3,77.4,60,70,115,60,115,60,55,3,0
Swablu,normal,flying,0.4,1.2,255,45,40,60,40,75,50,3,0
Altaria,dragon,flying,1.1,20.6,45,75,110,110,110,105,80,3,0
Zangoose,normal,NA,1.3,40.3,90,73,115,60,60,60,90,3,0
Seviper,poison,NA,2.7,52.5,90,73,100,60,100,60,65,3,0
Lunatone,rock,psychic,1,168,45,90,55,65,95,85,70,3,0
Solrock,rock,psychic,1.2,154,45,90,95,85,55,65,70,3,0
Barboach,water,ground,0.4,1.9,190,50,48,43,46,41,60,3,0
Whiscash,water,ground,0.9,23.6,75,110,78,73,76,71,60,3,0
Corphish,water,NA,0.6,11.5,205,43,80,65,50,35,35,3,0
Crawdaunt,water,dark,1.1,32.8,155,63,120,85,90,55,55,3,0
Baltoy,ground,psychic,0.5,21.5,255,40,40,55,40,70,55,3,0
Claydol,ground,psychic,1.5,108,90,60,70,105,70,120,75,3,0
Lileep,rock,grass,1,23.8,45,66,41,77,61,87,23,3,0
Cradily,rock,grass,1.5,60.4,45,86,81,97,81,107,43,3,0
Anorith,rock,bug,0.7,12.5,45,45,95,50,40,50,75,3,0
Armaldo,rock,bug,1.5,68.2,45,75,125,100,70,80,45,3,0
Feebas,water,NA,0.6,7.4,255,20,15,20,10,55,80,3,0
Milotic,water,NA,6.2,162,60,95,60,79,100,125,81,3,0
Castform,normal,NA,0.3,0.8,45,70,70,70,70,70,70,3,0
Kecleon,normal,NA,1,22,200,60,90,70,60,120,40,3,0
Shuppet,ghost,NA,0.6,2.3,225,44,75,35,63,33,45,3,0
Banette,ghost,NA,1.1,12.5,45,64,165,75,93,83,75,3,0
Duskull,ghost,NA,0.8,15,190,20,40,90,30,90,25,3,0
Dusclops,ghost,NA,1.6,30.6,90,40,70,130,60,130,25,3,0
Tropius,grass,flying,2,100,200,99,68,83,72,87,51,3,0
Chimecho,psychic,NA,0.6,1,45,75,50,80,95,90,65,3,0
Absol,dark,NA,1.2,47,30,65,150,60,115,60,115,3,0
Wynaut,psychic,NA,0.6,14,125,95,23,48,23,48,23,3,0
Snorunt,ice,NA,0.7,16.8,190,50,50,50,50,50,50,3,0
Glalie,ice,NA,1.5,256.5,75,80,120,80,120,80,100,3,0
Spheal,ice,water,0.8,39.5,255,70,40,50,55,50,25,3,0
Sealeo,ice,water,1.1,87.6,120,90,60,70,75,70,45,3,0
Walrein,ice,water,1.4,150.6,45,110,80,90,95,90,65,3,0
Clamperl,water,NA,0.4,52.5,255,35,64,85,74,55,32,3,0
Huntail,water,NA,1.7,27,60,55,104,105,94,75,52,3,0
Gorebyss,water,NA,1.8,22.6,60,55,84,105,114,75,52,3,0
Relicanth,water,rock,1,23.4,25,100,90,130,45,65,55,3,0
Luvdisc,water,NA,0.6,8.7,225,43,30,55,40,65,97,3,0
Bagon,dragon,NA,0.6,42.1,45,45,75,60,40,30,50,3,0
Shelgon,dragon,NA,1.1,110.5,45,65,95,100,60,50,50,3,0
Salamence,dragon,flying,1.5,102.6,45,95,145,130,120,90,120,3,0
Beldum,steel,psychic,0.6,95.2,3,40,55,80,35,60,30,3,0
Metang,steel,psychic,1.2,202.5,3,60,75,100,55,80,50,3,0
Metagross,steel,psychic,1.6,550,3,80,145,150,105,110,110,3,0
Regirock,rock,NA,1.7,230,3,80,100,200,50,100,50,3,1
Regice,ice,NA,1.8,175,3,80,50,100,100,200,50,3,1
Registeel,steel,NA,1.9,205,3,80,75,150,75,150,50,3,1
Latias,dragon,psychic,1.4,40,3,80,100,120,140,150,110,3,1
Latios,dragon,psychic,2,60,3,80,130,100,160,120,110,3,1
Kyogre,water,NA,4.5,352,3,100,150,90,180,160,90,3,1
Groudon,ground,NA,3.5,950,3,100,180,160,150,90,90,3,1
Rayquaza,dragon,flying,7,206.5,45,105,180,100,180,100,115,3,1
Jirachi,steel,psychic,0.3,1.1,3,100,100,100,100,100,100,3,1
Deoxys,psychic,NA,1.7,60.8,3,50,95,90,95,90,180,3,1
Turtwig,grass,NA,0.4,10.2,45,55,68,64,45,55,31,4,0
Grotle,grass,NA,1.1,97,45,75,89,85,55,65,36,4,0
Torterra,grass,ground,2.2,310,45,95,109,105,75,85,56,4,0
Chimchar,fire,NA,0.5,6.2,45,44,58,44,58,44,61,4,0
Monferno,fire,fighting,0.9,22,45,64,78,52,78,52,81,4,0
Infernape,fire,fighting,1.2,55,45,76,104,71,104,71,108,4,0
Piplup,water,NA,0.4,5.2,45,53,51,53,61,56,40,4,0
Prinplup,water,NA,0.8,23,45,64,66,68,81,76,50,4,0
Empoleon,water,steel,1.7,84.5,45,84,86,88,111,101,60,4,0
Starly,normal,flying,0.3,2,255,40,55,30,30,30,60,4,0
Staravia,normal,flying,0.6,15.5,120,55,75,50,40,40,80,4,0
Staraptor,normal,flying,1.2,24.9,45,85,120,70,50,60,100,4,0
Bidoof,normal,NA,0.5,20,255,59,45,40,35,40,31,4,0
Bibarel,normal,water,1,31.5,127,79,85,60,55,60,71,4,0
Kricketot,bug,NA,0.3,2.2,255,37,25,41,25,41,25,4,0
Kricketune,bug,NA,1,25.5,45,77,85,51,55,51,65,4,0
Shinx,electric,NA,0.5,9.5,235,45,65,34,40,34,45,4,0
Luxio,electric,NA,0.9,30.5,120,60,85,49,60,49,60,4,0
Luxray,electric,NA,1.4,42,45,80,120,79,95,79,70,4,0
Budew,grass,poison,0.2,1.2,255,40,30,35,50,70,55,4,0
Roserade,grass,poison,0.9,14.5,75,60,70,65,125,105,90,4,0
Cranidos,rock,NA,0.9,31.5,45,67,125,40,30,30,58,4,0
Rampardos,rock,NA,1.6,102.5,45,97,165,60,65,50,58,4,0
Shieldon,rock,steel,0.5,57,45,30,42,118,42,88,30,4,0
Bastiodon,rock,steel,1.3,149.5,45,60,52,168,47,138,30,4,0
Burmy,bug,NA,0.2,3.4,120,40,29,45,29,45,36,4,0
Wormadam,bug,grass,0.5,6.5,45,60,69,95,69,95,36,4,0
Mothim,bug,flying,0.9,23.3,45,70,94,50,94,50,66,4,0
Combee,bug,flying,0.3,5.5,120,30,30,42,30,42,70,4,0
Vespiquen,bug,flying,1.2,38.5,45,70,80,102,80,102,40,4,0
Pachirisu,electric,NA,0.4,3.9,200,60,45,70,45,90,95,4,0
Buizel,water,NA,0.7,29.5,190,55,65,35,60,30,85,4,0
Floatzel,water,NA,1.1,33.5,75,85,105,55,85,50,115,4,0
Cherubi,grass,NA,0.4,3.3,190,45,35,45,62,53,35,4,0
Cherrim,grass,NA,0.5,9.3,75,70,60,70,87,78,85,4,0
Shellos,water,NA,0.3,6.3,190,76,48,48,57,62,34,4,0
Gastrodon,water,ground,0.9,29.9,75,111,83,68,92,82,39,4,0
Ambipom,normal,NA,1.2,20.3,45,75,100,66,60,66,115,4,0
Drifloon,ghost,flying,0.4,1.2,125,90,50,34,60,44,70,4,0
Drifblim,ghost,flying,1.2,15,60,150,80,44,90,54,80,4,0
Buneary,normal,NA,0.4,5.5,190,55,66,44,44,56,85,4,0
Lopunny,normal,NA,1.2,33.3,60,65,136,94,54,96,135,4,0
Mismagius,ghost,NA,0.9,4.4,45,60,60,60,105,105,105,4,0
Honchkrow,dark,flying,0.9,27.3,30,100,125,52,105,52,71,4,0
Glameow,normal,NA,0.5,3.9,190,49,55,42,42,37,85,4,0
Purugly,normal,NA,1,43.8,75,71,82,64,64,59,112,4,0
Chingling,psychic,NA,0.2,0.6,120,45,30,50,65,50,45,4,0
Stunky,poison,dark,0.4,19.2,225,63,63,47,41,41,74,4,0
Skuntank,poison,dark,1,38,60,103,93,67,71,61,84,4,0
Bronzor,steel,psychic,0.5,60.5,255,57,24,86,24,86,23,4,0
Bronzong,steel,psychic,1.3,187,90,67,89,116,79,116,33,4,0
Bonsly,rock,NA,0.5,15,255,50,80,95,10,45,10,4,0
Mime Jr.,psychic,fairy,0.6,13,145,20,25,45,70,90,60,4,0
Happiny,normal,NA,0.6,24.4,130,100,5,5,15,65,30,4,0
Chatot,normal,flying,0.5,1.9,30,76,65,45,92,42,91,4,0
Spiritomb,ghost,dark,1,108,100,50,92,108,92,108,35,4,0
Gible,dragon,ground,0.7,20.5,45,58,70,45,40,45,42,4,0
Gabite,dragon,ground,1.4,56,45,68,90,65,50,55,82,4,0
Garchomp,dragon,ground,1.9,95,45,108,170,115,120,95,92,4,0
Munchlax,normal,NA,0.6,105,50,135,85,40,40,85,5,4,0
Riolu,fighting,NA,0.7,20.2,75,40,70,40,35,40,60,4,0
Lucario,fighting,steel,1.2,54,45,70,145,88,140,70,112,4,0
Hippopotas,ground,NA,0.8,49.5,140,68,72,78,38,42,32,4,0
Hippowdon,ground,NA,2,300,60,108,112,118,68,72,47,4,0
Skorupi,poison,bug,0.8,12,120,40,50,90,30,55,65,4,0
Drapion,poison,dark,1.3,61.5,45,70,90,110,60,75,95,4,0
Croagunk,poison,fighting,0.7,23,140,48,61,40,61,40,50,4,0
Toxicroak,poison,fighting,1.3,44.4,75,83,106,65,86,65,85,4,0
Carnivine,grass,NA,1.4,27,200,74,100,72,90,72,46,4,0
Finneon,water,NA,0.4,7,190,49,49,56,49,61,66,4,0
Lumineon,water,NA,1.2,24,75,69,69,76,69,86,91,4,0
Mantyke,water,flying,1,65,25,45,20,50,60,120,50,4,0
Snover,grass,ice,1,50.5,120,60,62,50,62,60,40,4,0
Abomasnow,grass,ice,2.2,135.5,60,90,132,105,132,105,30,4,0
Weavile,dark,ice,1.1,34,45,70,120,65,45,85,125,4,0
Magnezone,electric,steel,1.2,180,30,70,70,115,130,90,60,4,0
Lickilicky,normal,NA,1.7,140,30,110,85,95,80,95,50,4,0
Rhyperior,ground,rock,2.4,282.8,30,115,140,130,55,55,40,4,0
Tangrowth,grass,NA,2,128.6,30,100,100,125,110,50,50,4,0
Electivire,electric,NA,1.8,138.6,30,75,123,67,95,85,95,4,0
Magmortar,fire,NA,1.6,68,30,75,95,67,125,95,83,4,0
Togekiss,fairy,flying,1.5,38,30,85,50,95,120,115,80,4,0
Yanmega,bug,flying,1.9,51.5,30,86,76,86,116,56,95,4,0
Leafeon,grass,NA,1,25.5,45,65,110,130,60,65,95,4,0
Glaceon,ice,NA,0.8,25.9,45,65,60,110,130,95,65,4,0
Gliscor,ground,flying,2,42.5,30,75,95,125,45,75,95,4,0
Mamoswine,ice,ground,2.5,291,50,110,130,80,70,60,80,4,0
Porygon-Z,normal,NA,0.9,34,30,85,80,70,135,75,90,4,0
Gallade,psychic,fighting,1.6,52,45,68,165,95,65,115,110,4,0
Probopass,rock,steel,1.4,340,60,60,55,145,75,150,40,4,0
Dusknoir,ghost,NA,2.2,106.6,45,45,100,135,65,135,45,4,0
Froslass,ice,ghost,1.3,26.6,75,70,80,70,80,70,110,4,0
Rotom,electric,ghost,0.3,0.3,45,50,65,107,105,107,86,4,0
Uxie,psychic,NA,0.3,0.3,3,75,75,130,75,130,95,4,1
Mesprit,psychic,NA,0.3,0.3,3,80,105,105,105,105,80,4,1
Azelf,psychic,NA,0.3,0.3,3,75,125,70,125,70,115,4,1
Dialga,steel,dragon,5.4,683,3,100,120,120,150,100,90,4,1
Palkia,water,dragon,4.2,336,3,90,120,100,150,120,100,4,1
Heatran,fire,steel,1.7,430,3,91,90,106,130,106,77,4,1
Regigigas,normal,NA,3.7,420,3,110,160,110,80,110,100,4,1
Giratina,ghost,dragon,4.5,750,3,150,120,100,120,100,90,4,1
Cresselia,psychic,NA,1.5,85.6,3,120,70,120,75,130,85,4,1
Phione,water,NA,0.4,3.1,30,80,80,80,80,80,80,4,0
Manaphy,water,NA,0.3,1.4,3,100,100,100,100,100,100,4,1
Darkrai,dark,NA,1.5,50.5,3,70,90,90,135,90,125,4,1
Shaymin,grass,grass,0.2,2.1,45,100,103,75,120,75,127,4,1
Arceus,normal,NA,3.2,320,3,120,120,120,120,120,120,4,1
Victini,psychic,fire,0.4,4,3,100,100,100,100,100,100,5,1
Snivy,grass,NA,0.6,8.1,45,45,45,55,45,55,63,5,0
Servine,grass,NA,0.8,16,45,60,60,75,60,75,83,5,0
Serperior,grass,NA,3.3,63,45,75,75,95,75,95,113,5,0
Tepig,fire,NA,0.5,9.9,45,65,63,45,45,45,45,5,0
Pignite,fire,fighting,1,55.5,45,90,93,55,70,55,55,5,0
Emboar,fire,fighting,1.6,150,45,110,123,65,100,65,65,5,0
Oshawott,water,NA,0.5,5.9,45,55,55,45,63,45,45,5,0
Dewott,water,NA,0.8,24.5,45,75,75,60,83,60,60,5,0
Samurott,water,NA,1.5,94.6,45,95,100,85,108,70,70,5,0
Patrat,normal,NA,0.5,11.6,255,45,55,39,35,39,42,5,0
Watchog,normal,NA,1.1,27,255,60,85,69,60,69,77,5,0
Lillipup,normal,NA,0.4,4.1,255,45,60,45,25,45,55,5,0
Herdier,normal,NA,0.9,14.7,120,65,80,65,35,65,60,5,0
Stoutland,normal,NA,1.2,61,45,85,110,90,45,90,80,5,0
Purrloin,dark,NA,0.4,10.1,255,41,50,37,50,37,66,5,0
Liepard,dark,NA,1.1,37.5,90,64,88,50,88,50,106,5,0
Pansage,grass,NA,0.6,10.5,190,50,53,48,53,48,64,5,0
Simisage,grass,NA,1.1,30.5,75,75,98,63,98,63,101,5,0
Pansear,fire,NA,0.6,11,190,50,53,48,53,48,64,5,0
Simisear,fire,NA,1,28,75,75,98,63,98,63,101,5,0
Panpour,water,NA,0.6,13.5,190,50,53,48,53,48,64,5,0
Simipour,water,NA,1,29,75,75,98,63,98,63,101,5,0
Munna,psychic,NA,0.6,23.3,190,76,25,45,67,55,24,5,0
Musharna,psychic,NA,1.1,60.5,75,116,55,85,107,95,29,5,0
Pidove,normal,flying,0.3,2.1,255,50,55,50,36,30,43,5,0
Tranquill,normal,flying,0.6,15,120,62,77,62,50,42,65,5,0
Unfezant,normal,flying,1.2,29,45,80,115,80,65,55,93,5,0
Blitzle,electric,NA,0.8,29.8,190,45,60,32,50,32,76,5,0
Zebstrika,electric,NA,1.6,79.5,75,75,100,63,80,63,116,5,0
Roggenrola,rock,NA,0.4,18,255,55,75,85,25,25,15,5,0
Boldore,rock,NA,0.9,102,120,70,105,105,50,40,20,5,0
Gigalith,rock,NA,1.7,260,45,85,135,130,60,80,25,5,0
Woobat,psychic,flying,0.4,2.1,190,65,45,43,55,43,72,5,0
Swoobat,psychic,flying,0.9,10.5,45,67,57,55,77,55,114,5,0
Drilbur,ground,NA,0.3,8.5,120,60,85,40,30,45,68,5,0
Excadrill,ground,steel,0.7,40.4,60,110,135,60,50,65,88,5,0
Audino,normal,NA,1.1,31,255,103,60,126,80,126,50,5,0
Timburr,fighting,NA,0.6,12.5,180,75,80,55,25,35,35,5,0
Gurdurr,fighting,NA,1.2,40,90,85,105,85,40,50,40,5,0
Conkeldurr,fighting,NA,1.4,87,45,105,140,95,55,65,45,5,0
Tympole,water,NA,0.5,4.5,255,50,50,40,50,40,64,5,0
Palpitoad,water,ground,0.8,17,120,75,65,55,65,55,69,5,0
Seismitoad,water,ground,1.5,62,45,105,95,75,85,75,74,5,0
Throh,fighting,NA,1.3,55.5,45,120,100,85,30,85,45,5,0
Sawk,fighting,NA,1.4,51,45,75,125,75,30,75,85,5,0
Sewaddle,bug,grass,0.3,2.5,255,45,53,70,40,60,42,5,0
Swadloon,bug,grass,0.5,7.3,120,55,63,90,50,80,42,5,0
Leavanny,bug,grass,1.2,20.5,45,75,103,80,70,80,92,5,0
Venipede,bug,poison,0.4,5.3,255,30,45,59,30,39,57,5,0
Whirlipede,bug,poison,1.2,58.5,120,40,55,99,40,79,47,5,0
Scolipede,bug,poison,2.5,200.5,45,60,100,89,55,69,112,5,0
Cottonee,grass,fairy,0.3,0.6,190,40,27,60,37,50,66,5,0
Whimsicott,grass,fairy,0.7,6.6,75,60,67,85,77,75,116,5,0
Petilil,grass,NA,0.5,6.6,190,45,35,50,70,50,30,5,0
Lilligant,grass,NA,1.1,16.3,75,70,60,75,110,75,90,5,0
Basculin,water,NA,1,18,25,70,92,65,80,55,98,5,0
Sandile,ground,dark,0.7,15.2,180,50,72,35,35,35,65,5,0
Krokorok,ground,dark,1,33.4,90,60,82,45,45,45,74,5,0
Krookodile,ground,dark,1.5,96.3,45,95,117,80,65,70,92,5,0
Darumaka,fire,NA,0.6,37.5,120,70,90,45,15,45,50,5,0
Darmanitan,fire,fire,1.3,92.9,60,105,30,105,140,105,55,5,0
Maractus,grass,NA,1,28,255,75,86,67,106,67,60,5,0
Dwebble,bug,rock,0.3,14.5,190,50,65,85,35,35,55,5,0
Crustle,bug,rock,1.4,200,75,70,105,125,65,75,45,5,0
Scraggy,dark,fighting,0.6,11.8,180,50,75,70,35,70,48,5,0
Scrafty,dark,fighting,1.1,30,90,65,90,115,45,115,58,5,0
Sigilyph,psychic,flying,1.4,14,45,72,58,80,103,80,97,5,0
Yamask,ghost,NA,0.5,1.5,190,38,30,85,55,65,30,5,0
Cofagrigus,ghost,NA,1.7,76.5,90,58,50,145,95,105,30,5,0
Tirtouga,water,rock,0.7,16.5,45,54,78,103,53,45,22,5,0
Carracosta,water,rock,1.2,81,45,74,108,133,83,65,32,5,0
Archen,rock,flying,0.5,9.5,45,55,112,45,74,45,70,5,0
Archeops,rock,flying,1.4,32,45,75,140,65,112,65,110,5,0
Trubbish,poison,NA,0.6,31,190,50,50,62,40,62,65,5,0
Garbodor,poison,NA,1.9,107.3,60,80,95,82,60,82,75,5,0
Zorua,dark,NA,0.7,12.5,75,40,65,40,80,40,65,5,0
Zoroark,dark,NA,1.6,81.1,45,60,105,60,120,60,105,5,0
Minccino,normal,NA,0.4,5.8,255,55,50,40,40,40,75,5,0
Cinccino,normal,NA,0.5,7.5,60,75,95,60,65,60,115,5,0
Gothita,psychic,NA,0.4,5.8,200,45,30,50,55,65,45,5,0
Gothorita,psychic,NA,0.7,18,100,60,45,70,75,85,55,5,0
Gothitelle,psychic,NA,1.5,44,50,70,55,95,95,110,65,5,0
Solosis,psychic,NA,0.3,1,200,45,30,40,105,50,20,5,0
Duosion,psychic,NA,0.6,8,100,65,40,50,125,60,30,5,0
Reuniclus,psychic,NA,1,20.1,50,110,65,75,125,85,30,5,0
Ducklett,water,flying,0.5,5.5,190,62,44,50,44,50,55,5,0
Swanna,water,flying,1.3,24.2,45,75,87,63,87,63,98,5,0
Vanillite,ice,NA,0.4,5.7,255,36,50,50,65,60,44,5,0
Vanillish,ice,NA,1.1,41,120,51,65,65,80,75,59,5,0
Vanilluxe,ice,NA,1.3,57.5,45,71,95,85,110,95,79,5,0
Deerling,normal,grass,0.6,19.5,190,60,60,50,40,50,75,5,0
Sawsbuck,normal,grass,1.9,92.5,75,80,100,70,60,70,95,5,0
Emolga,electric,flying,0.4,5,200,55,75,60,75,60,103,5,0
Karrablast,bug,NA,0.5,5.9,200,50,75,45,40,45,60,5,0
Escavalier,bug,steel,1,33,75,70,135,105,60,105,20,5,0
Foongus,grass,poison,0.2,1,190,69,55,45,55,55,15,5,0
Amoonguss,grass,poison,0.6,10.5,75,114,85,70,85,80,30,5,0
Frillish,water,ghost,1.2,33,190,55,40,50,65,85,40,5,0
Jellicent,water,ghost,2.2,135,60,100,60,70,85,105,60,5,0
Alomomola,water,NA,1.2,31.6,75,165,75,80,40,45,65,5,0
Joltik,bug,electric,0.1,0.6,190,50,47,50,57,50,65,5,0
Galvantula,bug,electric,0.8,14.3,75,70,77,60,97,60,108,5,0
Ferroseed,grass,steel,0.6,18.8,255,44,50,91,24,86,10,5,0
Ferrothorn,grass,steel,1,110,90,74,94,131,54,116,20,5,0
Klink,steel,NA,0.3,21,130,40,55,70,45,60,30,5,0
Klang,steel,NA,0.6,51,60,60,80,95,70,85,50,5,0
Klinklang,steel,NA,0.6,81,30,60,100,115,70,85,90,5,0
Tynamo,electric,NA,0.2,0.3,190,35,55,40,45,40,60,5,0
Eelektrik,electric,NA,1.2,22,60,65,85,70,75,70,40,5,0
Eelektross,electric,NA,2.1,80.5,30,85,115,80,105,80,50,5,0
Elgyem,psychic,NA,0.5,9,255,55,55,55,85,55,30,5,0
Beheeyem,psychic,NA,1,34.5,90,75,75,75,125,95,40,5,0
Litwick,ghost,fire,0.3,3.1,190,50,30,55,65,55,20,5,0
Lampent,ghost,fire,0.6,13,90,60,40,60,95,60,55,5,0
Chandelure,ghost,fire,1,34.3,45,60,55,90,145,90,80,5,0
Axew,dragon,NA,0.6,18,75,46,87,60,30,40,57,5,0
Fraxure,dragon,NA,1,36,60,66,117,70,40,50,67,5,0
Haxorus,dragon,NA,1.8,105.5,45,76,147,90,60,70,97,5,0
Cubchoo,ice,NA,0.5,8.5,120,55,70,40,60,40,40,5,0
Beartic,ice,NA,2.6,260,60,95,130,80,70,80,50,5,0
Cryogonal,ice,NA,1.1,148,25,80,50,50,95,135,105,5,0
Shelmet,bug,NA,0.4,7.7,200,50,40,85,40,65,25,5,0
Accelgor,bug,NA,0.8,25.3,75,80,70,40,100,60,145,5,0
Stunfisk,ground,electric,0.7,11,75,109,66,84,81,99,32,5,0
Mienfoo,fighting,NA,0.9,20,180,45,85,50,55,50,65,5,0
Mienshao,fighting,NA,1.4,35.5,45,65,125,60,95,60,105,5,0
Druddigon,dragon,NA,1.6,139,45,77,120,90,60,90,48,5,0
Golett,ground,ghost,1,92,190,59,74,50,35,50,35,5,0
Golurk,ground,ghost,2.8,330,90,89,124,80,55,80,55,5,0
Pawniard,dark,steel,0.5,10.2,120,45,85,70,40,40,60,5,0
Bisharp,dark,steel,1.6,70,45,65,125,100,60,70,70,5,0
Bouffalant,normal,NA,1.6,94.6,45,95,110,95,40,95,55,5,0
Rufflet,normal,flying,0.5,10.5,190,70,83,50,37,50,60,5,0
Braviary,normal,flying,1.5,41,60,100,123,75,57,75,80,5,0
Vullaby,dark,flying,0.5,9,190,70,55,75,45,65,60,5,0
Mandibuzz,dark,flying,1.2,39.5,60,110,65,105,55,95,80,5,0
Heatmor,fire,NA,1.4,58,90,85,97,66,105,66,65,5,0
Durant,bug,steel,0.3,33,90,58,109,112,48,48,109,5,0
Deino,dark,dragon,0.8,17.3,45,52,65,50,45,50,38,5,0
Zweilous,dark,dragon,1.4,50,45,72,85,70,65,70,58,5,0
Hydreigon,dark,dragon,1.8,160,45,92,105,90,125,90,98,5,0
Larvesta,bug,fire,1.1,28.8,45,55,85,55,50,55,60,5,0
Volcarona,bug,fire,1.6,46,15,85,60,65,135,105,100,5,0
Cobalion,steel,fighting,2.1,250,3,91,90,129,90,72,108,5,1
Terrakion,rock,fighting,1.9,260,3,91,129,90,72,90,108,5,1
Virizion,grass,fighting,2,200,3,91,90,72,90,129,108,5,1
Tornadus,flying,NA,1.5,63,3,79,100,80,110,90,121,5,1
Thundurus,electric,flying,1.5,61,3,79,105,70,145,80,101,5,1
Reshiram,dragon,fire,3.2,330,3,100,120,100,150,120,90,5,1
Zekrom,dragon,electric,2.9,345,3,100,150,120,120,100,90,5,1
Landorus,ground,flying,1.5,68,3,89,145,90,105,80,91,5,1
Kyurem,dragon,ice,3,325,3,125,120,90,170,100,95,5,1
Keldeo,water,fighting,1.4,48.5,3,91,72,90,129,90,108,5,1
Meloetta,normal,psychic,0.6,6.5,3,100,128,90,77,77,128,5,1
Genesect,bug,steel,1.5,82.5,3,71,120,95,120,95,99,5,1
Chespin,grass,NA,0.4,9,45,56,61,65,48,45,38,6,0
Quilladin,grass,NA,0.7,29,45,61,78,95,56,58,57,6,0
Chesnaught,grass,fighting,1.6,90,45,88,107,122,74,75,64,6,0
Fennekin,fire,NA,0.4,9.4,45,40,45,40,62,60,60,6,0
Braixen,fire,NA,1,14.5,45,59,59,58,90,70,73,6,0
Delphox,fire,psychic,1.5,39,45,75,69,72,114,100,104,6,0
Froakie,water,NA,0.3,7,45,41,56,40,62,44,71,6,0
Frogadier,water,NA,0.6,10.9,45,54,63,52,83,56,97,6,0
Greninja,water,dark,1.5,40,45,72,145,67,153,71,132,6,0
Bunnelby,normal,NA,0.4,5,255,38,36,38,32,36,57,6,0
Diggersby,normal,ground,1,42.4,127,85,56,77,50,77,78,6,0
Fletchling,normal,flying,0.3,1.7,255,45,50,43,40,38,62,6,0
Fletchinder,fire,flying,0.7,16,120,62,73,55,56,52,84,6,0
Talonflame,fire,flying,1.2,24.5,45,78,81,71,74,69,126,6,0
Scatterbug,bug,NA,0.3,2.5,255,38,35,40,27,25,35,6,0
Spewpa,bug,NA,0.3,8.4,120,45,22,60,27,30,29,6,0
Vivillon,bug,flying,1.2,17,45,80,52,50,90,50,89,6,0
Litleo,fire,normal,0.6,13.5,220,62,50,58,73,54,72,6,0
Pyroar,fire,normal,1.5,81.5,65,86,68,72,109,66,106,6,0
Flabébé,fairy,NA,0.1,0.1,225,44,38,39,61,79,42,6,0
Floette,fairy,NA,0.2,0.9,120,74,65,67,125,128,92,6,0
Florges,fairy,NA,1.1,10,45,78,65,68,112,154,75,6,0
Skiddo,grass,NA,0.9,31,200,66,65,48,62,57,52,6,0
Gogoat,grass,NA,1.7,91,45,123,100,62,97,81,68,6,0
Pancham,fighting,NA,0.6,8,220,67,82,62,46,48,43,6,0
Pangoro,fighting,dark,2.1,136,65,95,124,78,69,71,58,6,0
Furfrou,normal,NA,1.2,28,160,75,80,60,65,90,102,6,0
Espurr,psychic,NA,0.3,3.5,190,62,48,54,63,60,68,6,0
Meowstic,psychic,NA,0.6,8.5,75,74,48,76,83,81,104,6,0
Honedge,steel,ghost,0.8,2,180,45,80,100,35,37,28,6,0
Doublade,steel,ghost,0.8,4.5,90,59,110,150,45,49,35,6,0
Aegislash,steel,ghost,1.7,53,45,60,150,50,150,50,60,6,0
Spritzee,fairy,NA,0.2,0.5,200,78,52,60,63,65,23,6,0
Aromatisse,fairy,NA,0.8,15.5,140,101,72,72,99,89,29,6,0
Swirlix,fairy,NA,0.4,3.5,200,62,48,66,59,57,49,6,0
Slurpuff,fairy,NA,0.8,5,140,82,80,86,85,75,72,6,0
Inkay,dark,psychic,0.4,3.5,190,53,54,53,37,46,45,6,0
Malamar,dark,psychic,1.5,47,80,86,92,88,68,75,73,6,0
Binacle,rock,water,0.5,31,120,42,52,67,39,56,50,6,0
Barbaracle,rock,water,1.3,96,45,72,105,115,54,86,68,6,0
Skrelp,poison,water,0.5,7.3,225,50,60,60,60,60,30,6,0
Dragalge,poison,dragon,1.8,81.5,55,65,75,90,97,123,44,6,0
Clauncher,water,NA,0.5,8.3,225,50,53,62,58,63,44,6,0
Clawitzer,water,NA,1.3,35.3,55,71,73,88,120,89,59,6,0
Helioptile,electric,normal,0.5,6,190,44,38,33,61,43,70,6,0
Heliolisk,electric,normal,1,21,75,62,55,52,109,94,109,6,0
Tyrunt,rock,dragon,0.8,26,45,58,89,77,45,45,48,6,0
Tyrantrum,rock,dragon,2.5,270,45,82,121,119,69,59,71,6,0
Amaura,rock,ice,1.3,25.2,45,77,59,50,67,63,46,6,0
Aurorus,rock,ice,2.7,225,45,123,77,72,99,92,58,6,0
Sylveon,fairy,NA,1,23.5,45,95,65,65,110,130,60,6,0
Hawlucha,fighting,flying,0.8,21.5,100,78,92,75,74,63,118,6,0
Dedenne,electric,fairy,0.2,2.2,180,67,58,57,81,67,101,6,0
Carbink,rock,fairy,0.3,5.7,60,50,50,150,50,150,50,6,0
Goomy,dragon,NA,0.3,2.8,45,45,50,35,55,75,40,6,0
Sliggoo,dragon,NA,0.8,17.5,45,68,75,53,83,113,60,6,0
Goodra,dragon,NA,2,150.5,45,90,100,70,110,150,80,6,0
Klefki,steel,fairy,0.2,3,75,57,80,91,80,87,75,6,0
Phantump,ghost,grass,0.4,7,120,43,70,48,50,60,38,6,0
Trevenant,ghost,grass,1.5,71,60,85,110,76,65,82,56,6,0
Pumpkaboo,ghost,grass,0.8,15,120,59,66,70,44,55,41,6,0
Gourgeist,ghost,grass,1.7,39,60,85,100,122,58,75,54,6,0
Bergmite,ice,NA,1,99.5,190,55,69,85,32,35,28,6,0
Avalugg,ice,NA,2,505,55,95,117,184,44,46,28,6,0
Noibat,flying,dragon,0.5,8,190,40,30,35,45,40,55,6,0
Noivern,flying,dragon,1.5,85,45,85,70,80,97,80,123,6,0
Xerneas,fairy,NA,3,215,45,126,131,95,131,98,99,6,1
Yveltal,dark,flying,5.8,203,45,126,131,95,131,98,99,6,1
Zygarde,dragon,ground,5,284.6,3,216,100,121,91,95,85,6,1
Diancie,rock,fairy,0.7,8.8,3,50,160,110,160,110,110,6,1
Hoopa,psychic,ghost,NA,NA,3,80,160,60,170,130,80,6,1
Volcanion,fire,water,1.7,195,3,80,110,120,130,90,70,6,1
Rowlet,grass,flying,0.3,1.5,45,68,55,55,50,50,42,7,0
Dartrix,grass,flying,0.7,16,45,78,75,75,70,70,52,7,0
Decidueye,grass,ghost,1.6,36.6,45,78,107,75,100,100,70,7,0
Litten,fire,NA,0.4,4.3,45,45,65,40,60,40,70,7,0
Torracat,fire,NA,0.7,25,45,65,85,50,80,50,90,7,0
Incineroar,fire,dark,1.8,83,45,95,115,90,80,90,60,7,0
Popplio,water,NA,0.4,7.5,45,50,54,54,66,56,40,7,0
Brionne,water,NA,0.6,17.5,45,60,69,69,91,81,50,7,0
Primarina,water,fairy,1.8,44,45,80,74,74,126,116,60,7,0
Pikipek,normal,flying,0.3,1.2,255,35,75,30,30,30,65,7,0
Trumbeak,normal,flying,0.6,14.8,120,55,85,50,40,50,75,7,0
Toucannon,normal,flying,1.1,26,45,80,120,75,75,75,60,7,0
Yungoos,normal,NA,0.4,6,255,48,70,30,30,30,45,7,0
Gumshoos,normal,NA,0.7,14.2,127,88,110,60,55,60,45,7,0
Grubbin,bug,NA,0.4,4.4,255,47,62,45,55,45,46,7,0
Charjabug,bug,electric,0.5,10.5,120,57,82,95,55,75,36,7,0
Vikavolt,bug,electric,1.5,45,45,77,70,90,145,75,43,7,0
Crabrawler,fighting,NA,0.6,7,225,47,82,57,42,47,63,7,0
Crabominable,fighting,ice,1.7,180,60,97,132,77,62,67,43,7,0
Oricorio,fire,flying,0.6,3.4,45,75,70,70,98,70,93,7,0
Cutiefly,bug,fairy,0.1,0.2,190,40,45,40,55,40,84,7,0
Ribombee,bug,fairy,0.2,0.5,75,60,55,60,95,70,124,7,0
Rockruff,rock,NA,0.5,9.2,190,45,65,40,30,40,60,7,0
Lycanroc,rock,NA,NA,NA,90,85,115,75,55,75,82,7,0
Wishiwashi,water,NA,0.2,0.3,60,45,140,130,140,135,30,7,0
Mareanie,poison,water,0.4,8,190,50,53,62,43,52,45,7,0
Toxapex,poison,water,0.7,14.5,75,50,63,152,53,142,35,7,0
Mudbray,ground,NA,1,110,190,70,100,70,45,55,45,7,0
Mudsdale,ground,NA,2.5,920,60,100,125,100,55,85,35,7,0
Dewpider,water,bug,0.3,4,200,38,40,52,40,72,27,7,0
Araquanid,water,bug,1.8,82,100,68,70,92,50,132,42,7,0
Fomantis,grass,NA,0.3,1.5,190,40,55,35,50,35,35,7,0
Lurantis,grass,NA,0.9,18.5,75,70,105,90,80,90,45,7,0
Morelull,grass,fairy,0.2,1.5,190,40,35,55,65,75,15,7,0
Shiinotic,grass,fairy,1,11.5,75,60,45,80,90,100,30,7,0
Salandit,poison,fire,0.6,4.8,120,48,44,40,71,40,77,7,0
Salazzle,poison,fire,1.2,22.2,45,68,64,60,111,60,117,7,0
Stufful,normal,fighting,0.5,6.8,140,70,75,50,45,50,50,7,0
Bewear,normal,fighting,2.1,135,70,120,125,80,55,60,60,7,0
Bounsweet,grass,NA,0.3,3.2,235,42,30,38,30,38,32,7,0
Steenee,grass,NA,0.7,8.2,120,52,40,48,40,48,62,7,0
Tsareena,grass,NA,1.2,21.4,45,72,120,98,50,98,72,7,0
Comfey,fairy,NA,0.1,0.3,60,51,52,90,82,110,100,7,0
Oranguru,normal,psychic,1.5,76,45,90,60,80,90,110,60,7,0
Passimian,fighting,NA,2,82.8,45,100,120,90,40,60,80,7,0
Wimpod,bug,water,0.5,12,90,25,35,40,20,30,80,7,0
Golisopod,bug,water,2,108,45,75,125,140,60,90,40,7,0
Sandygast,ghost,ground,0.5,70,140,55,55,80,70,45,15,7,0
Palossand,ghost,ground,1.3,250,60,85,75,110,100,75,35,7,0
Pyukumuku,water,NA,0.3,1.2,60,55,60,130,30,130,5,7,0
Type: Null,normal,NA,1.9,120.5,3,95,95,95,95,95,59,7,0
Silvally,normal,NA,2.3,100.5,3,95,95,95,95,95,95,7,0
Minior,rock,flying,0.3,40,NA,60,100,60,100,60,120,7,0
Komala,normal,NA,0.4,19.9,45,65,115,65,75,95,65,7,0
Turtonator,fire,dragon,2,212,70,60,78,135,91,85,36,7,0
Togedemaru,electric,steel,0.3,3.3,180,65,98,63,40,73,96,7,0
Mimikyu,ghost,fairy,0.2,0.7,45,55,90,80,50,105,96,7,0
Bruxish,water,psychic,0.9,19,80,68,105,70,70,70,92,7,0
Drampa,normal,dragon,3,185,70,78,60,85,135,91,36,7,0
Dhelmise,ghost,grass,3.9,210,25,70,131,100,86,90,40,7,0
Jangmo-o,dragon,NA,0.6,29.7,45,45,55,65,45,45,45,7,0
Hakamo-o,dragon,fighting,1.2,47,45,55,75,90,65,70,65,7,0
Kommo-o,dragon,fighting,1.6,78.2,45,75,110,125,100,105,85,7,0
Tapu Koko,electric,fairy,1.8,20.5,3,70,115,85,95,75,130,7,1
Tapu Lele,psychic,fairy,1.2,18.6,3,70,85,75,130,115,95,7,1
Tapu Bulu,grass,fairy,1.9,45.5,3,70,130,115,85,95,75,7,1
Tapu Fini,water,fairy,1.3,21.2,3,70,75,115,95,130,85,7,1
Cosmog,psychic,NA,0.2,0.1,45,43,29,31,29,31,37,7,1
Cosmoem,psychic,NA,0.1,999.9,45,43,29,131,29,131,37,7,1
Solgaleo,psychic,steel,3.4,230,45,137,137,107,113,89,97,7,1
Lunala,psychic,ghost,4,120,45,137,113,89,137,107,97,7,1
Nihilego,rock,poison,1.2,55.5,45,109,53,47,127,131,103,7,1
Buzzwole,bug,fighting,2.4,333.6,25,107,139,139,53,53,79,7,1
Pheromosa,bug,fighting,1.8,25,255,71,137,37,137,37,151,7,1
Xurkitree,electric,NA,3.8,100,30,83,89,71,173,71,83,7,1
Celesteela,steel,flying,9.2,999.9,25,97,101,103,107,101,61,7,1
Kartana,grass,steel,0.3,0.1,255,59,181,131,59,31,109,7,1
Guzzlord,dark,dragon,5.5,888,15,223,101,53,97,53,43,7,1
Necrozma,psychic,NA,2.4,230,3,97,107,101,127,89,79,7,1
Magearna,steel,fairy,1,80.5,3,80,95,115,130,115,65,7,1
